Workbook

Sheet Isotope_unacidifed
B1: Sample | C1: %C | D1: δ13C | E1: %N | F1: δ15N | G1: C/N
B2: 20240407_E3_A | E2: 0.21638481 | F2: 7.1616486
B3: 20240407_E3_A_Dup | E3: 0.20845292 | F3: 6.8796408
B4: 20231120_S3_F | E4: 0.13778838 | F4: 6.8901469
B5: 20231120_S3_F_Dup | E5: 0.20179026 | F5: 6.7216287
B6: 20231120_S4_F | E6: 0.3017389 | F6: 7.3230077
B7: 20231120_S4_F _Dup | E7: 0.23636133 | F7: 7.444995
B8: 20240407_S4_A | E8: 0.19510733 | F8: 6.9227821
B9: 20240407_S4_A _Dup | E9: 0.24400927 | F9: 6.1149986
B10: 20240407_W1_F | E10: 0.15200778 | F10: 5.9093381
B11: 20240407_W1_F_Dup | E11: 0.1963008 | F11: 6.3362914

Sheet QAQC_unacidified
B1: Sample | C1: %C | D1: δ13C | E1: %N | F1: δ15N | G1: C/N
B2: 20240407_E3_A | C2: =VAR(Isotope_unacidifed!C2:C3) -> #DIV/0! | D2: =VAR(Isotope_unacidifed!D2:D3) -> #DIV/0! | E2: =VAR(Isotope_unacidifed!E2:E3) -> 3.1457436e-05 | F2: =VAR(Isotope_unacidifed!F2:F3) -> 0.03976421 | G2: =VAR(Isotope_unacidifed!G2:G3) -> #DIV/0!
B3: 20240407_E3_A_Dup
B4: 20231120_S3_F | C4: =VAR(Isotope_unacidifed!C4:C5) -> #DIV/0! | D4: =VAR(Isotope_unacidifed!D4:D5) -> #DIV/0! | E4: =VAR(Isotope_unacidifed!E4:E5) -> 0.0020481203 | F4: =VAR(Isotope_unacidifed!F4:F5) -> 0.014199199 | G4: =VAR(Isotope_unacidifed!G4:G5) -> #DIV/0!
B5: 20231120_S3_F_Dup
B6: 20231120_S4_F | C6: =VAR(Isotope_unacidifed!C6:C7) -> #DIV/0! | D6: =VAR(Isotope_unacidifed!D6:D7) -> #DIV/0! | E6: =VAR(Isotope_unacidifed!E6:E7) -> 0.0021371137 | F6: =VAR(Isotope_unacidifed!F6:F7) -> 0.0074404414 | G6: =VAR(Isotope_unacidifed!G6:G7) -> #DIV/0!
B7: 20231120_S4_F _Dup
B8: 20240407_S4_A | D8: =VAR(Isotope_unacidifed!D8:D9) -> #DIV/0! | E8: =VAR(Isotope_unacidifed!E8:E9) -> 0.0011956998 | F8: =VAR(Isotope_unacidifed!F8:F9) -> 0.32625704 | G8: =VAR(Isotope_unacidifed!G8:G9) -> #DIV/0!
B9: 20240407_S4_A _Dup
B10: 20240407_W1_F | D10: =VAR(Isotope_unacidifed!D10:D11) -> #DIV/0! | E10: =VAR(Isotope_unacidifed!E10:E11) -> 0.0009809357 | F10: =VAR(Isotope_unacidifed!F10:F11) -> 0.091144564 | G10: =VAR(Isotope_unacidifed!G10:G11) -> #DIV/0!
B11: 20240407_W1_F_Dup
B13: Degrees of Freedom
A14: sum | B14: 5 | C14: =SUM(C2:C12) -> #DIV/0! | D14: =SUM(D2:D12) -> #DIV/0! | E14: =SUM(E2:E12) -> 0.0063933269 | F14: =SUM(F2:F12) -> 0.47880545 | G14: =SUM(G2:G12) -> #DIV/0!
A15: sample precision | C15: =SQRT(C14/$B$14) -> #DIV/0! | D15: =SQRT(D14/$B$14) -> #DIV/0! | E15: =SQRT(E14/$B$14) -> 0.035758431 | F15: =SQRT(F14/$B$14) -> 0.30945289 | G15: =SQRT(G14/$B$14) -> #DIV/0!
A16: coefficient of variance | C16: =_xlfn.STDEV.S(Isotope_unacidifed!C2:C11)/AVERAGE(Isotope_unacidifed!C2:C11) -> #DIV/0! | D16: =_xlfn.STDEV.S(Isotope_unacidifed!D2:D11)/AVERAGE(Isotope_unacidifed!D2:D11) -> #DIV/0! | E16: =_xlfn.STDEV.S(Isotope_unacidifed!E2:E11)/AVERAGE(Isotope_unacidifed!E2:E11) -> 0.22189228 | F16: =_xlfn.STDEV.S(Isotope_unacidifed!F2:F11)/AVERAGE(Isotope_unacidifed!F2:F11) -> 0.075068363 | G16: =_xlfn.STDEV.S(Isotope_unacidifed!G2:G11)/AVERAGE(Isotope_unacidifed!G2:G11) -> #DIV/0!

Sheet Isotope_acidified
B1: Sample | E1: %C | F1: δ13C | G1: C/N
B2: 20240407_E3_A | E2: 2.5227545 | F2: -18.258097
B3: 20240407_E3_A_Dup | E3: 2.2476812 | F3: -18.07135
B4: 20231120_S3_F | E4: 1.4097048 | F4: -18.08267
B5: 20231120_S3_F_Dup | E5: 1.9656832 | F5: -19.446889
B6: 20231120_S4_F | E6: 3.0170952 | F6: -21.274861
B7: 20231120_S4_F _Dup | E7: 2.4549079 | F7: -19.927058
B8: 20231120_S2_B | E8: 1.1870445 | F8: -17.75491
B9: 20231120_S2_B_Dup | E9: 1.2617136 | F9: -16.90111
B10: 20240407_W1_F
B11: 20240407_W1_F_Dup

Sheet QAQC_acidified
B1: Sample | C1: %C | D1: δ13C | E1: %N | F1: δ15N | G1: C/N
B2: 20240407_E3_A | C2: =VAR(Isotope_unacidifed!C2:C3) -> #DIV/0! | D2: =VAR(Isotope_unacidifed!D2:D3) -> #DIV/0! | E2: =VAR(Isotope_unacidifed!E2:E3) -> 3.1457436e-05 | F2: =VAR(Isotope_unacidifed!F2:F3) -> 0.03976421 | G2: =VAR(Isotope_unacidifed!G2:G3) -> #DIV/0!
B3: 20240407_E3_A_Dup
B4: 20231120_S3_F | C4: =VAR(Isotope_unacidifed!C4:C5) -> #DIV/0! | D4: =VAR(Isotope_unacidifed!D4:D5) -> #DIV/0! | E4: =VAR(Isotope_unacidifed!E4:E5) -> 0.0020481203 | F4: =VAR(Isotope_unacidifed!F4:F5) -> 0.014199199 | G4: =VAR(Isotope_unacidifed!G4:G5) -> #DIV/0!
B5: 20231120_S3_F_Dup
B6: 20231120_S4_F | C6: =VAR(Isotope_unacidifed!C6:C7) -> #DIV/0! | D6: =VAR(Isotope_unacidifed!D6:D7) -> #DIV/0! | E6: =VAR(Isotope_unacidifed!E6:E7) -> 0.0021371137 | F6: =VAR(Isotope_unacidifed!F6:F7) -> 0.0074404414 | G6: =VAR(Isotope_unacidifed!G6:G7) -> #DIV/0!
B7: 20231120_S4_F _Dup
B8: 20240407_S4_A | D8: =VAR(Isotope_unacidifed!D8:D9) -> #DIV/0! | E8: =VAR(Isotope_unacidifed!E8:E9) -> 0.0011956998 | F8: =VAR(Isotope_unacidifed!F8:F9) -> 0.32625704 | G8: =VAR(Isotope_unacidifed!G8:G9) -> #DIV/0!
B9: 20240407_S4_A _Dup
B10: 20240407_W1_F | D10: =VAR(Isotope_unacidifed!D10:D11) -> #DIV/0! | E10: =VAR(Isotope_unacidifed!E10:E11) -> 0.0009809357 | F10: =VAR(Isotope_unacidifed!F10:F11) -> 0.091144564 | G10: =VAR(Isotope_unacidifed!G10:G11) -> #DIV/0!
B11: 20240407_W1_F_Dup
B13: Degrees of Freedom
A14: sum | B14: 5 | C14: =SUM(C2:C12) -> #DIV/0! | D14: =SUM(D2:D12) -> #DIV/0! | E14: =SUM(E2:E12) -> 0.0063933269 | F14: =SUM(F2:F12) -> 0.47880545 | G14: =SUM(G2:G12) -> #DIV/0!
A15: sample precision | C15: =SQRT(C14/$B$14) -> #DIV/0! | D15: =SQRT(D14/$B$14) -> #DIV/0! | E15: =SQRT(E14/$B$14) -> 0.035758431 | F15: =SQRT(F14/$B$14) -> 0.30945289 | G15: =SQRT(G14/$B$14) -> #DIV/0!
A16: coefficient of variance | C16: =_xlfn.STDEV.S(Isotope_unacidifed!C2:C11)/AVERAGE(Isotope_unacidifed!C2:C11) -> #DIV/0! | D16: =_xlfn.STDEV.S(Isotope_unacidifed!D2:D11)/AVERAGE(Isotope_unacidifed!D2:D11) -> #DIV/0! | E16: =_xlfn.STDEV.S(Isotope_unacidifed!E2:E11)/AVERAGE(Isotope_unacidifed!E2:E11) -> 0.22189228 | F16: =_xlfn.STDEV.S(Isotope_unacidifed!F2:F11)/AVERAGE(Isotope_unacidifed!F2:F11) -> 0.075068363 | G16: =_xlfn.STDEV.S(Isotope_unacidifed!G2:G11)/AVERAGE(Isotope_unacidifed!G2:G11) -> #DIV/0!
